baseline,10micron
0,[1],[1]
10,[0.06940756]
20,[0.98876985]
30,[0.20673609]
40,[0.96104207]
50,[0.34041014]
60,[0.91291288]
70,[0.46690538]
80,[0.84844407]
90,[0.58553627]
100,[0.76698418]
110,[0.69121058]
120,[0.67087141]
130,[0.7853096]
140,[0.56211526]
150,[0.86250004]
160,[0.44193712]
170,[0.92445385]
180,[0.31393915]
190,[0.96766449]
200,[0.17916439]
